LAT,LON,ratingdate,dis_severity,WS2M,T2M,T2M_MAX,T2M_MIN,T2M_RANGE,PRECTOTCORR,RH2M,ID
-36.1538758,-62.5857026,2023-04-27,2,2.16,17.37,25.9,8.4,17.5,0,45.75,15
-36.1538758,-62.5857026,2023-04-27,2,3.91,14.25,21.29,8.37,12.91,0,48.69,14
-36.1538758,-62.5857026,2023-04-27,2,3.08,15.76,24.64,7.05,17.58,0,51.12,13
-36.1538758,-62.5857026,2023-04-27,2,3.22,19.37,29.08,12.25,16.83,0.81,55.12,12
-36.1538758,-62.5857026,2023-04-27,2,1.59,20.19,28.76,13.8,14.95,0.39,70.62,11
-36.1538758,-62.5857026,2023-04-27,2,2.2,19.88,27.67,12.73,14.94,0,62.5,10
-36.1538758,-62.5857026,2023-04-27,2,3.55,20.35,27.55,12.98,14.57,0,63.31,9
-36.1538758,-62.5857026,2023-04-27,2,3.04,19.78,24.1,16.69,7.41,8.36,72.69,8
-36.1538758,-62.5857026,2023-04-27,2,1.64,20.96,28.74,15.15,13.59,1.04,70.62,7
-36.1538758,-62.5857026,2023-04-27,2,2.84,21.58,29.76,13.91,15.85,0,63.56,6
-36.1538758,-62.5857026,2023-04-27,2,3.45,22.44,30.92,15.62,15.3,0,53.56,5
-36.1538758,-62.5857026,2023-04-27,2,2.67,21.86,29.6,14.62,14.98,0,58.75,4
-36.1538758,-62.5857026,2023-04-27,2,3.65,21.75,29.04,15.96,13.08,0.03,64.38,3
-36.1538758,-62.5857026,2023-04-27,2,3.52,15.32,21.04,10.65,10.39,0.01,59.62,2
-36.1538758,-62.5857026,2023-04-27,2,1.94,11.66,18.14,4.8,13.34,0,52.38,1
-36.1530325,-62.5839364,2023-04-27,1,2.16,17.37,25.9,8.4,17.5,0,45.75,15
-36.1530325,-62.5839364,2023-04-27,1,3.91,14.25,21.29,8.37,12.91,0,48.69,14
-36.1530325,-62.5839364,2023-04-27,1,3.08,15.76,24.64,7.05,17.58,0,51.12,13
-36.1530325,-62.5839364,2023-04-27,1,3.22,19.37,29.08,12.25,16.83,0.81,55.12,12
-36.1530325,-62.5839364,2023-04-27,1,1.59,20.19,28.76,13.8,14.95,0.39,70.62,11
-36.1530325,-62.5839364,2023-04-27,1,2.2,19.88,27.67,12.73,14.94,0,62.5,10
-36.1530325,-62.5839364,2023-04-27,1,3.55,20.35,27.55,12.98,14.57,0,63.31,9
-36.1530325,-62.5839364,2023-04-27,1,3.04,19.78,24.1,16.69,7.41,8.36,72.69,8
-36.1530325,-62.5839364,2023-04-27,1,1.64,20.96,28.74,15.15,13.59,1.04,70.62,7
-36.1530325,-62.5839364,2023-04-27,1,2.84,21.58,29.76,13.91,15.85,0,63.56,6
-36.1530325,-62.5839364,2023-04-27,1,3.45,22.44,30.92,15.62,15.3,0,53.56,5
-36.1530325,-62.5839364,2023-04-27,1,2.67,21.86,29.6,14.62,14.98,0,58.75,4
-36.1530325,-62.5839364,2023-04-27,1,3.65,21.75,29.04,15.96,13.08,0.03,64.38,3
-36.1530325,-62.5839364,2023-04-27,1,3.52,15.32,21.04,10.65,10.39,0.01,59.62,2
-36.1530325,-62.5839364,2023-04-27,1,1.94,11.66,18.14,4.8,13.34,0,52.38,1
-35.7354225,-58.6101858,2022-02-13,1,3.3,28.52,36.66,21.99,14.67,5.35,64.69,15
-35.7354225,-58.6101858,2022-02-13,1,6.06,18.87,21.08,16.51,4.58,6.06,69.75,14
-35.7354225,-58.6101858,2022-02-13,1,4.8,19.84,23.35,17.04,6.3,15.72,83.75,13
-35.7354225,-58.6101858,2022-02-13,1,4.11,24.13,29.83,19.9,9.94,6.21,80.81,12
-35.7354225,-58.6101858,2022-02-13,1,2.85,25.93,32.58,20.92,11.66,11.43,81.12,11
-35.7354225,-58.6101858,2022-02-13,1,2.98,25.8,29.6,21.93,7.67,43.5,88.06,10
-35.7354225,-58.6101858,2022-02-13,1,2.52,24.78,29.75,20.3,9.45,31.9,86.62,9
-35.7354225,-58.6101858,2022-02-13,1,1.19,24.31,29.07,18.62,10.45,0.54,76.19,8
-35.7354225,-58.6101858,2022-02-13,1,0.48,26.18,31.12,20.05,11.06,0,73.19,7
-35.7354225,-58.6101858,2022-02-13,1,0.98,26.27,30.7,22.55,8.15,2.31,81.38,6
-35.7354225,-58.6101858,2022-02-13,1,4.44,23.2,29.64,14.37,15.27,4.39,75.94,5
-35.7354225,-58.6101858,2022-02-13,1,3.12,17.12,23.23,10.89,12.34,0,69.56,4
-35.7354225,-58.6101858,2022-02-13,1,1.32,19.19,26,12.05,13.95,0,70.12,3
-35.7354225,-58.6101858,2022-02-13,1,2.27,22.2,29.68,14.01,15.66,0,69.12,2
-35.7354225,-58.6101858,2022-02-13,1,2.97,24.41,31.21,17.97,13.25,1.35,66.69,1
-33.97848397,-61.62679254,2023-02-27,0,1.66,24.67,32.69,16.32,16.36,0,57.31,15
-33.97848397,-61.62679254,2023-02-27,0,1.45,26.88,34.44,19.62,14.83,0,49.44,14
-33.97848397,-61.62679254,2023-02-27,0,1.87,24.23,30.19,19.8,10.4,9.37,69.06,13
-33.97848397,-61.62679254,2023-02-27,0,2.12,24.26,29.67,19.35,10.32,4.89,70.75,12
-33.97848397,-61.62679254,2023-02-27,0,2.62,23.8,29.33,19.11,10.21,0.07,63.06,11
-33.97848397,-61.62679254,2023-02-27,0,1.37,23.97,30.83,15.87,14.96,0,53.31,10
-33.97848397,-61.62679254,2023-02-27,0,2.03,25.64,33.44,17.44,15.99,0,47.06,9
-33.97848397,-61.62679254,2023-02-27,0,2.07,27.98,37.24,18.11,19.14,0,42.88,8
-33.97848397,-61.62679254,2023-02-27,0,2.3,29.7,38.74,19.79,18.95,0.08,35.75,7
-33.97848397,-61.62679254,2023-02-27,0,1.32,27.54,34.7,22.13,12.57,0.71,42.44,6
-33.97848397,-61.62679254,2023-02-27,0,1.2,28.99,37.73,19.68,18.05,0,37.62,5
-33.97848397,-61.62679254,2023-02-27,0,1.73,29.57,38.34,20.36,17.98,0,39.12,4
-33.97848397,-61.62679254,2023-02-27,0,2.96,31.51,39.76,22.76,17,0,37.94,3
-33.97848397,-61.62679254,2023-02-27,0,3.95,32.83,40.4,25.36,15.03,0.04,39.56,2
-33.97848397,-61.62679254,2023-02-27,0,2.59,24.84,29.44,19.47,9.97,7.46,53.56,1
-33.34934733,-62.16713504,2021-12-07,1,2.02,22.31,28.44,15.59,12.84,2.55,60.81,15
-33.34934733,-62.16713504,2021-12-07,1,3.02,21.77,27.72,15.41,12.3,6.83,64.19,14
-33.34934733,-62.16713504,2021-12-07,1,3.38,23.11,30.48,16.08,14.4,0.22,55.06,13
-33.34934733,-62.16713504,2021-12-07,1,3.93,22.87,31.33,14.69,16.63,0,46.94,12
-33.34934733,-62.16713504,2021-12-07,1,4.9,21.77,33.76,14.26,19.49,37.71,63.94,11
-33.34934733,-62.16713504,2021-12-07,1,2.38,19.12,26.36,12.6,13.76,0,58.19,10
-33.34934733,-62.16713504,2021-12-07,1,2.77,21.38,30.09,11.4,18.7,0.11,53.69,9
-33.34934733,-62.16713504,2021-12-07,1,5.05,15.81,21.03,11.37,9.66,1.03,59,8
-33.34934733,-62.16713504,2021-12-07,1,1.08,15.9,23.33,7.26,16.07,0,49.56,7
-33.34934733,-62.16713504,2021-12-07,1,1.77,20.05,29.68,8.78,20.91,0,44.56,6
-33.34934733,-62.16713504,2021-12-07,1,1.45,22.58,31.92,13.31,18.61,0,50.19,5
-33.34934733,-62.16713504,2021-12-07,1,2.51,25.15,35.08,15.02,20.05,0,47.12,4
-33.34934733,-62.16713504,2021-12-07,1,3.05,26.81,36.62,17.58,19.04,0,41.31,3
-33.34934733,-62.16713504,2021-12-07,1,3.12,26.31,35.48,17.44,18.03,1.02,43,2
-33.34934733,-62.16713504,2021-12-07,1,3.04,22.99,32.49,13.81,18.67,0.88,34.62,1
-33.24629839,-63.23101908,2022-01-05,1,0.16,24.6,33.92,16.45,17.47,0.72,56.31,15
-33.24629839,-63.23101908,2022-01-05,1,0.18,20.44,24.35,18.19,6.16,9.69,84.38,14
-33.24629839,-63.23101908,2022-01-05,1,0.16,21.28,25.75,17.58,8.17,2.93,75.19,13
-33.24629839,-63.23101908,2022-01-05,1,0.2,25.67,35.18,17.07,18.11,0.62,61.19,12
-33.24629839,-63.23101908,2022-01-05,1,0.2,20.53,25.33,16.6,8.73,13.32,78.5,11
-33.24629839,-63.23101908,2022-01-05,1,0.21,18.37,25.03,13.97,11.06,0.13,63.94,10
-33.24629839,-63.23101908,2022-01-05,1,0.22,20.48,28.42,13.16,15.26,7.99,72.38,9
-33.24629839,-63.23101908,2022-01-05,1,0.2,20.76,29.91,15.05,14.86,0.05,70.06,8
-33.24629839,-63.23101908,2022-01-05,1,0.22,23.58,34.05,14.16,19.9,0,58.19,7
-33.24629839,-63.23101908,2022-01-05,1,0.19,24.63,34.69,15.32,19.37,0,54.44,6
-33.24629839,-63.23101908,2022-01-05,1,0.21,26.42,35.58,18.15,17.44,0,54.56,5
-33.24629839,-63.23101908,2022-01-05,1,0.12,28.27,39.25,18.28,20.97,0.24,54.25,4
-33.24629839,-63.23101908,2022-01-05,1,0.16,29.21,39.18,20.39,18.79,2.28,54.81,3
-33.24629839,-63.23101908,2022-01-05,1,0.17,26.97,34.74,21.62,13.12,7.31,66.12,2
-33.24629839,-63.23101908,2022-01-05,1,0.13,26.33,34.38,19.13,15.25,0,58.62,1
-33.13162696,-58.75412964,2022-04-04,1,2.78,22.33,27.55,16.71,10.84,11.55,81.88,15
-33.13162696,-58.75412964,2022-04-04,1,1.72,20.01,26.51,13.52,12.99,0,70.25,14
-33.13162696,-58.75412964,2022-04-04,1,1.87,19.9,23.36,16.01,7.34,15.48,86.94,13
-33.13162696,-58.75412964,2022-04-04,1,3.2,18.99,23.31,16.28,7.03,6.31,87.12,12
-33.13162696,-58.75412964,2022-04-04,1,1.97,18.04,24.42,12.4,12.02,0,75.69,11
-33.13162696,-58.75412964,2022-04-04,1,1.33,17.87,24.47,11.05,13.41,0,76.19,10
-33.13162696,-58.75412964,2022-04-04,1,1.77,17.8,24.47,10.75,13.71,0,74.12,9
-33.13162696,-58.75412964,2022-04-04,1,0.88,19.86,26.38,14.15,12.23,0,66.19,8
-33.13162696,-58.75412964,2022-04-04,1,1.75,20.94,27.94,14.42,13.52,0,69.94,7
-33.13162696,-58.75412964,2022-04-04,1,1.93,20.97,28.02,13.86,14.16,0,71.94,6
-33.13162696,-58.75412964,2022-04-04,1,1.66,23.16,30.01,17.37,12.65,0.02,79.06,5
-33.13162696,-58.75412964,2022-04-04,1,4.24,16.48,20.86,11.94,8.92,17.85,83,4
-33.13162696,-58.75412964,2022-04-04,1,2.38,14.51,20.55,8.83,11.71,0.12,69.94,3
-33.13162696,-58.75412964,2022-04-04,1,3.33,15.5,22.08,8.51,13.57,0,70.19,2
-33.13162696,-58.75412964,2022-04-04,1,4,17.91,24.04,12.84,11.2,0.17,69.56,1
-33.11333132,-63.03930556,2021-12-15,1,0.15,15.89,25.76,6.49,19.27,0,52.69,15
-33.11333132,-63.03930556,2021-12-15,1,0.23,20.71,32.85,8.71,24.15,0,50.81,14
-33.11333132,-63.03930556,2021-12-15,1,0.2,23.05,34.03,13.07,20.95,0,54.69,13
-33.11333132,-63.03930556,2021-12-15,1,0.27,24.9,36.51,14.75,21.77,0,51,12
-33.11333132,-63.03930556,2021-12-15,1,0.27,26.08,37.93,16.57,21.36,0,43.44,11
-33.11333132,-63.03930556,2021-12-15,1,0.28,25.49,35.26,16.55,18.72,0.71,47.81,10
-33.11333132,-63.03930556,2021-12-15,1,0.25,22.97,32.82,14.55,18.27,1.88,49.69,9
-33.11333132,-63.03930556,2021-12-15,1,0.35,26.07,36.23,16.14,20.09,14.36,52.94,8
-33.11333132,-63.03930556,2021-12-15,1,0.46,22.33,30.29,16.08,14.21,23.4,64.44,7
-33.11333132,-63.03930556,2021-12-15,1,0.22,24.45,34.48,15.37,19.12,0,60.88,6
-33.11333132,-63.03930556,2021-12-15,1,0.34,23.43,32.77,15.2,17.57,24.86,67.38,5
-33.11333132,-63.03930556,2021-12-15,1,0.32,18.97,26.62,12.57,14.05,1.55,67,4
-33.11333132,-63.03930556,2021-12-15,1,0.26,20.69,30.8,11.33,19.48,0,59.75,3
-33.11333132,-63.03930556,2021-12-15,1,0.34,23.33,32.37,15.16,17.21,2.37,55.44,2
-33.11333132,-63.03930556,2021-12-15,1,0.18,22.56,31.35,14.29,17.05,1.43,64.38,1
-33.09239524,-62.08515215,2021-12-15,1,0.95,16.4,24.31,7.78,16.53,0,49.06,15
-33.09239524,-62.08515215,2021-12-15,1,1.28,20.15,30.48,8.83,21.65,0,44.06,14
-33.09239524,-62.08515215,2021-12-15,1,1.12,23.31,33.36,12.98,20.38,0,49.31,13
-33.09239524,-62.08515215,2021-12-15,1,1.72,25.51,35.83,15.19,20.63,0,48.44,12
-33.09239524,-62.08515215,2021-12-15,1,2.05,26.76,37.29,17.35,19.94,0,42.19,11
-33.09239524,-62.08515215,2021-12-15,1,2.14,27.05,36.74,17.73,19.01,0.86,43.5,10
-33.09239524,-62.08515215,2021-12-15,1,1.97,23.62,33.16,15.38,17.78,0.87,35.12,9
-33.09239524,-62.08515215,2021-12-15,1,2.68,27.16,37.3,15.65,21.65,3.9,37.56,8
-33.09239524,-62.08515215,2021-12-15,1,3.75,22.35,28.67,17.02,11.65,45.04,69,7
-33.09239524,-62.08515215,2021-12-15,1,0.98,24.42,33.3,15.61,17.69,0,59.06,6
-33.09239524,-62.08515215,2021-12-15,1,2.61,25.06,33.23,17.82,15.41,12.93,60.75,5
-33.09239524,-62.08515215,2021-12-15,1,3.59,19.91,25.8,13.89,11.91,6.91,63.88,4
-33.09239524,-62.08515215,2021-12-15,1,2.05,20.84,29.13,12.78,16.35,0.01,61.62,3
-33.09239524,-62.08515215,2021-12-15,1,0.92,23.33,31.98,15.69,16.29,0,52,2
-33.09239524,-62.08515215,2021-12-15,1,1.71,23.19,31.04,15.51,15.53,0.62,53.19,1
-33.08410187,-58.80229879,2021-11-30,2,2.13,22.65,28.94,17.4,11.54,1.15,73.81,15
-33.08410187,-58.80229879,2021-11-30,2,1.84,24.29,31.38,17.54,13.84,0.53,69.75,14
-33.08410187,-58.80229879,2021-11-30,2,1.45,25.79,33.96,17.84,16.12,0.01,61.94,13
-33.08410187,-58.80229879,2021-11-30,2,5.37,17.67,20.73,13.38,7.35,0.19,53.69,12
-33.08410187,-58.80229879,2021-11-30,2,3.66,19.01,26.74,12.49,14.25,0.01,53.56,11
-33.08410187,-58.80229879,2021-11-30,2,1.78,21.3,29.51,13.01,16.51,0.07,58.06,10
-33.08410187,-58.80229879,2021-11-30,2,1.51,23.41,32.14,14.3,17.84,0.07,51.69,9
-33.08410187,-58.80229879,2021-11-30,2,2.58,23.76,32.02,15.95,16.06,0.17,51.44,8
-33.08410187,-58.80229879,2021-11-30,2,3.72,22.15,28.73,16.54,12.2,0.01,59.06,7
-33.08410187,-58.80229879,2021-11-30,2,4.08,22.12,29.99,15.26,14.74,0,48.69,6
-33.08410187,-58.80229879,2021-11-30,2,4.2,21.78,30.61,13.4,17.2,0,49.62,5
-33.08410187,-58.80229879,2021-11-30,2,4.38,25.02,35.56,14.35,21.21,21.24,53.12,4
-33.08410187,-58.80229879,2021-11-30,2,2.12,20.92,28.97,16.15,12.81,17.33,62.31,3
-33.08410187,-58.80229879,2021-11-30,2,2.42,24.31,32.75,13.48,19.27,0.05,64.5,2
-33.08410187,-58.80229879,2021-11-30,2,4.7,20.38,24.59,13.67,10.92,0.01,59.62,1
-32.77131203,-62.5014616,2021-12-15,1,0.48,16.07,24.84,7.39,17.45,0,51.06,15
-32.77131203,-62.5014616,2021-12-15,1,0.66,20.12,31.62,8.25,23.37,0,49.38,14
-32.77131203,-62.5014616,2021-12-15,1,0.5,23.26,33.85,13.12,20.73,0,52.12,13
-32.77131203,-62.5014616,2021-12-15,1,0.9,25.12,36.09,15.15,20.94,0,50.12,12
-32.77131203,-62.5014616,2021-12-15,1,0.96,26.05,37.44,16.91,20.53,0,44.81,11
-32.77131203,-62.5014616,2021-12-15,1,1.05,26.21,35.63,16.79,18.84,0.93,45.75,10
-32.77131203,-62.5014616,2021-12-15,1,0.98,23.43,33.13,15.18,17.95,1.84,41.25,9
-32.77131203,-62.5014616,2021-12-15,1,1.3,26.46,36.82,15.5,21.32,12.51,42.69,8
-32.77131203,-62.5014616,2021-12-15,1,1.91,22.48,29.57,16.8,12.77,29.36,66.56,7
-32.77131203,-62.5014616,2021-12-15,1,0.64,24.45,33.84,15.54,18.3,0,59.69,6
-32.77131203,-62.5014616,2021-12-15,1,1.38,24.51,33.41,15.62,17.79,25.06,64,5
-32.77131203,-62.5014616,2021-12-15,1,1.65,19.42,26.23,13.1,13.12,2.19,64.19,4
-32.77131203,-62.5014616,2021-12-15,1,1.02,20.57,29.46,11.83,17.62,0.01,60.19,3
-32.77131203,-62.5014616,2021-12-15,1,0.73,23.26,32.4,15.4,17.01,0.87,54.81,2
-32.77131203,-62.5014616,2021-12-15,1,0.91,22.94,31.21,14.75,16.46,1.58,57.38,1
-32.55314748,-62.08006225,2022-01-04,2,3.77,26.62,34.9,19.69,15.2,0,47.75,15
-32.55314748,-62.08006225,2022-01-04,2,2.74,26.62,35.37,18.43,16.95,0,40.19,14
-32.55314748,-62.08006225,2022-01-04,2,1.89,24.81,30.75,18.94,11.8,1.48,55.69,13
-32.55314748,-62.08006225,2022-01-04,2,1.17,23.82,28.29,20.1,8.19,0.63,59.44,12
-32.55314748,-62.08006225,2022-01-04,2,2.12,27.59,35.99,17.9,18.09,0.95,50.81,11
-32.55314748,-62.08006225,2022-01-04,2,3.2,24.01,31.05,18.67,12.38,9.68,66.56,10
-32.55314748,-62.08006225,2022-01-04,2,2.55,20.77,26.39,16.76,9.63,5.75,64.69,9
-32.55314748,-62.08006225,2022-01-04,2,1.93,23.83,31.17,16.69,14.48,2.88,66.94,8
-32.55314748,-62.08006225,2022-01-04,2,2.12,22.58,31.02,16.5,14.52,0.06,65.25,7
-32.55314748,-62.08006225,2022-01-04,2,2.46,25.14,34.62,16.13,18.49,0,53.31,6
-32.55314748,-62.08006225,2022-01-04,2,2.76,25.43,34.54,16.15,18.38,0,53.44,5
-32.55314748,-62.08006225,2022-01-04,2,3.02,27.05,35.62,18.75,16.87,0,52.69,4
-32.55314748,-62.08006225,2022-01-04,2,1.86,29.1,38.81,19.19,19.62,0,50.31,3
-32.55314748,-62.08006225,2022-01-04,2,1.85,30.9,39.69,21.94,17.76,0.14,44.62,2
-32.55314748,-62.08006225,2022-01-04,2,2.44,30.49,38.91,23.05,15.86,0.41,51.31,1
-32.50364879,-61.49360871,2023-02-27,0,2.09,27.33,36.31,19.55,16.77,0,52.19,15
-32.50364879,-61.49360871,2023-02-27,0,1.7,28.5,37.39,20.04,17.35,0,51.12,14
-32.50364879,-61.49360871,2023-02-27,0,2.95,28.19,35.33,21.22,14.12,0.42,54.56,13
-32.50364879,-61.49360871,2023-02-27,0,3.02,26.59,34.19,21.05,13.14,3.35,61,12
-32.50364879,-61.49360871,2023-02-27,0,2.95,25.84,32.14,20.34,11.8,0.01,58.81,11
-32.50364879,-61.49360871,2023-02-27,0,1.91,24.88,32.33,17.58,14.75,0,54.06,10
-32.50364879,-61.49360871,2023-02-27,0,1.64,27.06,35.75,18.19,17.55,0,44.12,9
-32.50364879,-61.49360871,2023-02-27,0,1.68,29.41,39.21,19.26,19.96,0,34.94,8
-32.50364879,-61.49360871,2023-02-27,0,1.92,31.09,41.3,20.69,20.61,0,29.94,7
-32.50364879,-61.49360871,2023-02-27,0,1.91,30.75,39.86,22.14,17.71,0.64,31.75,6
-32.50364879,-61.49360871,2023-02-27,0,1.18,30.4,39.34,21.46,17.88,0.01,34.94,5
-32.50364879,-61.49360871,2023-02-27,0,1.71,30.93,39.61,21.87,17.74,0.28,38.31,4
-32.50364879,-61.49360871,2023-02-27,0,3.3,33.59,41.73,24.35,17.38,0,38.06,3
-32.50364879,-61.49360871,2023-02-27,0,4.1,34.7,41.73,28.78,12.95,0.13,32.75,2
-32.50364879,-61.49360871,2023-02-27,0,3.02,28.97,35.9,24.05,11.86,2.35,45.06,1
-32.42268299,-63.143872,2022-02-18,1,0.02,29.96,37.27,23.32,13.95,13.79,68.31,15
-32.42268299,-63.143872,2022-02-18,1,0.02,29.12,38.32,22.72,15.61,13.15,69.38,14
-32.42268299,-63.143872,2022-02-18,1,0.01,23.09,26.79,19.92,6.87,14.73,81.5,13
-32.42268299,-63.143872,2022-02-18,1,0.09,24.64,30.74,19.3,11.44,0.08,77,12
-32.42268299,-63.143872,2022-02-18,1,0.07,25.27,27.62,22.18,5.44,0.71,86.19,11
-32.42268299,-63.143872,2022-02-18,1,0.02,26.83,32.35,22.87,9.48,0.49,74.81,10
-32.42268299,-63.143872,2022-02-18,1,0,21.55,28.26,16.24,12.02,0.03,54.88,9
-32.42268299,-63.143872,2022-02-18,1,0,21.45,31.19,13.02,18.17,0,59.62,8
-32.42268299,-63.143872,2022-02-18,1,0,23.23,33.69,13.65,20.05,0,57,7
-32.42268299,-63.143872,2022-02-18,1,0.1,25.68,36.1,14.94,21.16,0,55.75,6
-32.42268299,-63.143872,2022-02-18,1,0.05,24.44,32.06,18.29,13.77,0.05,53.38,5
-32.42268299,-63.143872,2022-02-18,1,0,26.05,37.19,15.76,21.43,0,53.56,4
-32.42268299,-63.143872,2022-02-18,1,0.09,27.8,35.26,20.26,15,6.48,57.31,3
-32.42268299,-63.143872,2022-02-18,1,0.02,25.4,34.09,20.12,13.97,11.81,72.06,2
-32.42268299,-63.143872,2022-02-18,1,0.07,23.05,29.33,18.75,10.59,8.97,74.75,1
-32.418617,-60.3986,2021-12-02,2,3.17,24.57,33.05,16.51,16.53,3.31,57.06,15
-32.418617,-60.3986,2021-12-02,2,5.03,16.37,20.46,13.92,6.54,12.82,61.38,14
-32.418617,-60.3986,2021-12-02,2,2.68,17.8,23.55,12,11.55,2.82,60.56,13
-32.418617,-60.3986,2021-12-02,2,0.99,21.8,28.8,12.83,15.97,0.11,59.44,12
-32.418617,-60.3986,2021-12-02,2,1.08,24.68,31.2,16.23,14.97,0,53.81,11
-32.418617,-60.3986,2021-12-02,2,2.62,24.7,31.76,17.25,14.52,0.01,53.25,10
-32.418617,-60.3986,2021-12-02,2,3.59,23.63,30.89,16.52,14.38,0.44,57.12,9
-32.418617,-60.3986,2021-12-02,2,4.02,23.58,31.42,16.72,14.7,0.19,48.81,8
-32.418617,-60.3986,2021-12-02,2,4,23.38,32.05,15.08,16.96,0,47.81,7
-32.418617,-60.3986,2021-12-02,2,5.22,24.55,35.05,16.49,18.56,43.64,59.5,6
-32.418617,-60.3986,2021-12-02,2,2.43,21.15,28.14,15.81,12.33,1.61,57.88,5
-32.418617,-60.3986,2021-12-02,2,2.45,23.47,30.61,13.85,16.76,0,63.31,4
-32.418617,-60.3986,2021-12-02,2,6.22,19.3,24.03,13.98,10.05,0.03,53.5,3
-32.418617,-60.3986,2021-12-02,2,2.06,17.75,24.53,9.86,14.66,0,45.56,2
-32.418617,-60.3986,2021-12-02,2,1.43,20.6,29.44,9.81,19.62,0,40.88,1
-32.41625391,-58.89799788,2022-11-23,0,3.28,19.6,27.37,15.48,11.88,6.63,73.44,15
-32.41625391,-58.89799788,2022-11-23,0,2.67,20.47,29.06,12.29,16.78,0,50.75,14
-32.41625391,-58.89799788,2022-11-23,0,3.53,22.87,33.18,12.87,20.31,0,48.25,13
-32.41625391,-58.89799788,2022-11-23,0,2.77,25.8,35.94,15.15,20.78,0.19,57.62,12
-32.41625391,-58.89799788,2022-11-23,0,5.14,18.57,22.48,9.93,12.56,4.47,63.31,11
-32.41625391,-58.89799788,2022-11-23,0,4.1,12.69,19.69,7.07,12.62,1.29,52.88,10
-32.41625391,-58.89799788,2022-11-23,0,1.9,14.69,22.96,6.14,16.82,0,53,9
-32.41625391,-58.89799788,2022-11-23,0,1.29,17.53,27.66,7.23,20.43,0,50,8
-32.41625391,-58.89799788,2022-11-23,0,1.62,20.01,29.04,10.83,18.22,0,45.56,7
-32.41625391,-58.89799788,2022-11-23,0,3.06,19.18,28.15,11.11,17.04,0,55.38,6
-32.41625391,-58.89799788,2022-11-23,0,3.48,19.57,27.69,11.6,16.09,0,57.94,5
-32.41625391,-58.89799788,2022-11-23,0,3.87,20.59,28.92,12.82,16.1,0,56.69,4
-32.41625391,-58.89799788,2022-11-23,0,4.09,20.99,29.32,13.3,16.03,0,53.44,3
-32.41625391,-58.89799788,2022-11-23,0,3.43,20.4,28.59,12.5,16.09,0,54.69,2
-32.41625391,-58.89799788,2022-11-23,0,3.2,21.23,30.44,13.03,17.41,0,53.44,1
-32.270337,-61.850791,2021-12-13,2,2.12,22.31,30.39,11.8,18.59,0,56.88,15
-32.270337,-61.850791,2021-12-13,2,5.15,17.37,22.04,12.28,9.76,0.07,53.19,14
-32.270337,-61.850791,2021-12-13,2,1.44,16.55,24.33,8.19,16.13,0,50.12,13
-32.270337,-61.850791,2021-12-13,2,1.55,20.14,30.24,9.23,21.02,0,44.06,12
-32.270337,-61.850791,2021-12-13,2,1.37,23.9,33.87,13.28,20.59,0,47.81,11
-32.270337,-61.850791,2021-12-13,2,2.3,25.72,36,15.82,20.18,0,47.88,10
-32.270337,-61.850791,2021-12-13,2,2.7,26.71,37.6,16.64,20.96,0,43.56,9
-32.270337,-61.850791,2021-12-13,2,2.87,27.8,38.33,17.95,20.38,0.42,43.38,8
-32.270337,-61.850791,2021-12-13,2,2.59,24.12,33.52,16.32,17.2,1,37.62,7
-32.270337,-61.850791,2021-12-13,2,3.62,27.4,37.88,15.44,22.44,1.18,37.19,6
-32.270337,-61.850791,2021-12-13,2,4.84,23.12,29.88,17.17,12.71,52.39,66.19,5
-32.270337,-61.850791,2021-12-13,2,1.36,24.48,32.98,15.83,17.16,0,59.5,4
-32.270337,-61.850791,2021-12-13,2,3.09,25.54,33.29,17.78,15.51,10.67,59.56,3
-32.270337,-61.850791,2021-12-13,2,4.71,20.29,26.41,14.24,12.16,10.28,62.88,2
-32.270337,-61.850791,2021-12-13,2,2.75,21.1,29.26,12.84,16.41,0,59.25,1
-32.02724616,-61.27930817,2021-12-02,3,3.23,23.93,33.91,15.13,18.77,5.85,56.75,15
-32.02724616,-61.27930817,2021-12-02,3,4.69,15.44,19.66,13.32,6.34,28.67,67.69,14
-32.02724616,-61.27930817,2021-12-02,3,2.52,17.08,22.81,11.69,11.11,1.03,63.62,13
-32.02724616,-61.27930817,2021-12-02,3,0.85,21.22,28.11,12.54,15.57,0.01,64,12
-32.02724616,-61.27930817,2021-12-02,3,1.36,23.49,29.72,16.12,13.6,0,61.56,11
-32.02724616,-61.27930817,2021-12-02,3,2.16,24.16,30.99,16.87,14.12,0,58.94,10
-32.02724616,-61.27930817,2021-12-02,3,2.48,23.24,30.14,16.44,13.7,0.17,63.56,9
-32.02724616,-61.27930817,2021-12-02,3,3.48,23.56,31.33,16.88,14.45,0.08,51.38,8
-32.02724616,-61.27930817,2021-12-02,3,3.38,23.55,32.51,15.44,17.08,0,50.88,7
-32.02724616,-61.27930817,2021-12-02,3,4.99,25.05,36.03,16.27,19.77,36.1,60.56,6
-32.02724616,-61.27930817,2021-12-02,3,2.16,20.5,28.28,15.22,13.06,6.43,62.81,5
-32.02724616,-61.27930817,2021-12-02,3,1.89,22.94,30.39,13.69,16.7,0,61.56,4
-32.02724616,-61.27930817,2021-12-02,3,5.96,19.07,24.21,13.28,10.93,0,50.12,3
-32.02724616,-61.27930817,2021-12-02,3,2.05,17.18,24.46,9.02,15.44,0,49.25,2
-32.02724616,-61.27930817,2021-12-02,3,1.31,20.21,29.66,10.09,19.58,0,42.19,1
-32.002093,-63.628583,2022-02-16,1,0.74,22.78,30.1,16.28,13.82,1.62,73.81,15
-32.002093,-63.628583,2022-02-16,1,1.1,27.09,34.18,20.5,13.67,1.14,70.12,14
-32.002093,-63.628583,2022-02-16,1,1.09,29.64,36.9,22.64,14.26,10.99,65.62,13
-32.002093,-63.628583,2022-02-16,1,1.05,29.02,37.26,23.3,13.95,23.87,66.94,12
-32.002093,-63.628583,2022-02-16,1,0.89,23.05,26.11,20.99,5.12,26.78,85.56,11
-32.002093,-63.628583,2022-02-16,1,0.52,23.48,27.01,19.78,7.23,0.05,84.88,10
-32.002093,-63.628583,2022-02-16,1,0.54,24.3,26.73,21.6,5.12,2.28,90.19,9
-32.002093,-63.628583,2022-02-16,1,1.14,25.5,30.65,22.04,8.61,4.25,81,8
-32.002093,-63.628583,2022-02-16,1,1.14,21.27,27.58,15.92,11.66,1.07,65.25,7
-32.002093,-63.628583,2022-02-16,1,0.73,21.05,30.02,13.03,16.99,0,61.75,6
-32.002093,-63.628583,2022-02-16,1,0.89,22.8,32.44,14.19,18.26,0,56.88,5
-32.002093,-63.628583,2022-02-16,1,0.8,25.12,34.74,15.33,19.41,0,54.81,4
-32.002093,-63.628583,2022-02-16,1,0.98,23.97,30.59,18.5,12.09,0.01,52.56,3
-32.002093,-63.628583,2022-02-16,1,1.13,26,35.73,16.62,19.11,0,53.5,2
-32.002093,-63.628583,2022-02-16,1,0.9,27.01,33.76,20.12,13.64,3.24,57.69,1
-31.96742953,-61.2562864,2022-04-04,1,2.27,21.98,27.93,16.49,11.44,7.34,81.81,15
-31.96742953,-61.2562864,2022-04-04,1,2.1,20.64,26.93,13.62,13.3,0,71.81,14
-31.96742953,-61.2562864,2022-04-04,1,2.94,21.8,29.2,13.56,15.64,2.1,81.38,13
-31.96742953,-61.2562864,2022-04-04,1,3.33,18.28,22.65,13.01,9.63,33.51,86.44,12
-31.96742953,-61.2562864,2022-04-04,1,2.23,18.72,24.67,13.82,10.85,0,75.38,11
-31.96742953,-61.2562864,2022-04-04,1,1.42,18.65,25.37,11.53,13.84,0,75.31,10
-31.96742953,-61.2562864,2022-04-04,1,1.3,19.29,25.87,12.57,13.3,0,73.19,9
-31.96742953,-61.2562864,2022-04-04,1,1.1,20.69,27.75,13.33,14.41,0,70.44,8
-31.96742953,-61.2562864,2022-04-04,1,1.66,22.12,29.47,15.04,14.43,0,70.25,7
-31.96742953,-61.2562864,2022-04-04,1,2.3,22.09,29.38,15.23,14.16,0,68.94,6
-31.96742953,-61.2562864,2022-04-04,1,2.27,23.48,30.03,17.09,12.94,0.29,71.38,5
-31.96742953,-61.2562864,2022-04-04,1,4.38,17.82,22.64,12.96,9.68,8.82,73.94,4
-31.96742953,-61.2562864,2022-04-04,1,2.05,16.07,22.55,9.71,12.84,0,69.19,3
-31.96742953,-61.2562864,2022-04-04,1,2.99,15.99,21.33,9.44,11.88,0,63.44,2
-31.96742953,-61.2562864,2022-04-04,1,3.11,19.51,26.13,14.35,11.78,0.03,64.94,1
-31.96017027,-58.82916831,2021-11-29,1,2.72,23.34,28.85,18.06,10.79,0.91,70.69,15
-31.96017027,-58.82916831,2021-11-29,1,2.35,22.55,29.1,17.84,11.26,2.37,73.44,14
-31.96017027,-58.82916831,2021-11-29,1,1.62,24.61,32.32,16.76,15.55,0.32,65.88,13
-31.96017027,-58.82916831,2021-11-29,1,1.2,26.13,34.33,17.85,16.48,0.01,59.75,12
-31.96017027,-58.82916831,2021-11-29,1,5.38,18.19,21.06,13.58,7.48,2.49,59.56,11
-31.96017027,-58.82916831,2021-11-29,1,3.53,19.17,27.37,12.52,14.85,0,55.12,10
-31.96017027,-58.82916831,2021-11-29,1,2.08,21.8,30.21,14.21,16,0.03,58.25,9
-31.96017027,-58.82916831,2021-11-29,1,1.82,23.34,32.3,14.03,18.27,0,51.62,8
-31.96017027,-58.82916831,2021-11-29,1,2.66,24.52,33.24,15.58,17.66,0,49.75,7
-31.96017027,-58.82916831,2021-11-29,1,3.73,23.35,31.05,16.92,14.12,0,55,6
-31.96017027,-58.82916831,2021-11-29,1,4.23,22.39,30.75,15.03,15.72,0,47.56,5
-31.96017027,-58.82916831,2021-11-29,1,3.77,22.77,32.37,13.48,18.9,0,46.5,4
-31.96017027,-58.82916831,2021-11-29,1,3.95,26.46,36.83,15.6,21.23,13.44,49.31,3
-31.96017027,-58.82916831,2021-11-29,1,2.34,20.12,27.83,16.05,11.77,15.85,66.56,2
-31.96017027,-58.82916831,2021-11-29,1,2.62,24.98,33.35,14.9,18.44,0,64.5,1
-31.91576983,-61.85343746,2021-12-13,1,1.99,22.51,30.14,12.65,17.48,0,60,15
-31.91576983,-61.85343746,2021-12-13,1,5.57,18.05,22.97,12.79,10.18,0.03,51.44,14
-31.91576983,-61.85343746,2021-12-13,1,1.8,16.67,24.36,8.56,15.8,0,50.81,13
-31.91576983,-61.85343746,2021-12-13,1,1.46,20.15,30.18,9.58,20.59,0,44,12
-31.91576983,-61.85343746,2021-12-13,1,1.63,23.89,33.86,13.4,20.45,0,46.62,11
-31.91576983,-61.85343746,2021-12-13,1,2.59,25.65,35.92,15.44,20.48,0,47.19,10
-31.91576983,-61.85343746,2021-12-13,1,2.78,26.82,37.54,16.56,20.98,0,43.56,9
-31.91576983,-61.85343746,2021-12-13,1,2.88,28.32,38.9,17.94,20.95,0.47,43.75,8
-31.91576983,-61.85343746,2021-12-13,1,2.87,24.78,33.9,17.72,16.18,0.32,37.69,7
-31.91576983,-61.85343746,2021-12-13,1,3.87,27.8,38.18,15.84,22.34,0.14,35.94,6
-31.91576983,-61.85343746,2021-12-13,1,5.01,23.76,30.35,17.49,12.86,53.94,64.06,5
-31.91576983,-61.85343746,2021-12-13,1,1.52,24.6,32.97,16.04,16.93,0,59.19,4
-31.91576983,-61.85343746,2021-12-13,1,2.98,25.8,33.44,17.81,15.62,7.28,58.38,3
-31.91576983,-61.85343746,2021-12-13,1,4.91,20.63,26.9,14.72,12.17,13.04,63.12,2
-31.91576983,-61.85343746,2021-12-13,1,2.91,21.32,29.48,13.24,16.23,0,57.38,1
-31.85411315,-60.32205737,2021-11-26,3,3.26,27.34,35.91,19.15,16.76,0,47.88,15
-31.85411315,-60.32205737,2021-11-26,3,3.08,28.65,36.71,21.04,15.68,0,54.69,14
-31.85411315,-60.32205737,2021-11-26,3,3.41,27.3,34.2,20.78,13.42,0.31,55.06,13
-31.85411315,-60.32205737,2021-11-26,3,3.91,21.88,26.28,18.35,7.94,8.12,76.12,12
-31.85411315,-60.32205737,2021-11-26,3,2.3,20.73,24.4,17.89,6.52,2.13,78.62,11
-31.85411315,-60.32205737,2021-11-26,3,1.27,24.3,30.91,17.09,13.82,0,63,10
-31.85411315,-60.32205737,2021-11-26,3,3.29,24.87,33.01,17.12,15.88,5.06,57.81,9
-31.85411315,-60.32205737,2021-11-26,3,5.59,16.4,19.37,14.59,4.77,27.22,66.81,8
-31.85411315,-60.32205737,2021-11-26,3,3.09,18.12,23.66,12.69,10.97,0.97,61.06,7
-31.85411315,-60.32205737,2021-11-26,3,1.02,21.71,27.76,13.9,13.86,0.05,61.44,6
-31.85411315,-60.32205737,2021-11-26,3,1.16,24.23,29.58,16.93,12.66,0,57.06,5
-31.85411315,-60.32205737,2021-11-26,3,2.78,24.7,31.23,17.69,13.55,0,54.38,4
-31.85411315,-60.32205737,2021-11-26,3,3.62,23.76,30.51,16.93,13.59,0.1,58.56,3
-31.85411315,-60.32205737,2021-11-26,3,4.27,23.64,31.14,17.13,14.01,0.09,49.12,2
-31.85411315,-60.32205737,2021-11-26,3,4.11,23.64,31.9,15.51,16.39,0,49.56,1
-31.82438492,-63.6253387,2022-02-11,1,1.45,31.77,41.05,22.1,18.95,0,28.38,15
-31.82438492,-63.6253387,2022-02-11,1,1.39,32.51,41.23,24.8,16.43,0.05,36.06,14
-31.82438492,-63.6253387,2022-02-11,1,0.88,32.26,41.83,25.29,16.53,0.89,40.69,13
-31.82438492,-63.6253387,2022-02-11,1,1.62,25.05,30.68,20.66,10.02,13.87,61.75,12
-31.82438492,-63.6253387,2022-02-11,1,1.38,20.34,26.12,16.23,9.88,20.54,74.69,11
-31.82438492,-63.6253387,2022-02-11,1,0.74,22.78,30.1,16.28,13.82,1.62,73.81,10
-31.82438492,-63.6253387,2022-02-11,1,1.1,27.09,34.18,20.5,13.67,1.14,70.12,9
-31.82438492,-63.6253387,2022-02-11,1,1.09,29.64,36.9,22.64,14.26,10.99,65.62,8
-31.82438492,-63.6253387,2022-02-11,1,1.05,29.02,37.26,23.3,13.95,23.87,66.94,7
-31.82438492,-63.6253387,2022-02-11,1,0.89,23.05,26.11,20.99,5.12,26.78,85.56,6
-31.82438492,-63.6253387,2022-02-11,1,0.52,23.48,27.01,19.78,7.23,0.05,84.88,5
-31.82438492,-63.6253387,2022-02-11,1,0.54,24.3,26.73,21.6,5.12,2.28,90.19,4
-31.82438492,-63.6253387,2022-02-11,1,1.14,25.5,30.65,22.04,8.61,4.25,81,3
-31.82438492,-63.6253387,2022-02-11,1,1.14,21.27,27.58,15.92,11.66,1.07,65.25,2
-31.82438492,-63.6253387,2022-02-11,1,0.73,21.05,30.02,13.03,16.99,0,61.75,1
-31.74369157,-63.82740866,2022-02-11,2,0.28,31.67,41.12,21.64,19.48,0,28.62,15
-31.74369157,-63.82740866,2022-02-11,2,0.27,32.65,41.19,24.62,16.56,0.1,36.44,14
-31.74369157,-63.82740866,2022-02-11,2,0.2,32.44,41.81,25.26,16.55,2.29,41.44,13
-31.74369157,-63.82740866,2022-02-11,2,0.29,26.08,32.22,20.93,11.29,15.47,61,12
-31.74369157,-63.82740866,2022-02-11,2,0.3,20.48,25.64,16.91,8.72,27.45,77.06,11
-31.74369157,-63.82740866,2022-02-11,2,0.17,22.54,29.53,16.5,13.03,2.39,75.19,10
-31.74369157,-63.82740866,2022-02-11,2,0.26,27.35,34.49,20.18,14.31,0.68,68.81,9
-31.74369157,-63.82740866,2022-02-11,2,0.25,30.57,38.13,23.06,15.07,2.63,58.88,8
-31.74369157,-63.82740866,2022-02-11,2,0.23,30.33,38.45,24.3,14.15,37.22,62.12,7
-31.74369157,-63.82740866,2022-02-11,2,0.2,23.88,27.19,21.35,5.84,28.44,84.81,6
-31.74369157,-63.82740866,2022-02-11,2,0.12,24.51,30.06,20.36,9.7,1.27,82.81,5
-31.74369157,-63.82740866,2022-02-11,2,0.18,24.86,27.63,22.42,5.21,2.7,89.06,4
-31.74369157,-63.82740866,2022-02-11,2,0.19,25.39,30.23,21.69,8.54,6.55,83.19,3
-31.74369157,-63.82740866,2022-02-11,2,0.25,21.49,28.12,15.24,12.88,2.05,69.19,2
-31.74369157,-63.82740866,2022-02-11,2,0.16,20.77,29.88,13.12,16.76,0,63.88,1
-31.70924987,-63.26963,2021-12-15,0,1.48,17.3,26.13,8.42,17.71,0.01,51,15
-31.70924987,-63.26963,2021-12-15,0,1.48,21.15,31.69,10.56,21.12,0,48.56,14
-31.70924987,-63.26963,2021-12-15,0,1.62,23.94,34.25,13.48,20.77,0,46.56,13
-31.70924987,-63.26963,2021-12-15,0,2.33,25.51,35.61,15.54,20.07,0,44.69,12
-31.70924987,-63.26963,2021-12-15,0,2.12,26.2,37.02,15.55,21.47,0,41.12,11
-31.70924987,-63.26963,2021-12-15,0,1.93,28.35,39.46,17.61,21.85,0.3,42.88,10
-31.70924987,-63.26963,2021-12-15,0,1.98,25.83,34.3,19.15,15.15,0,44.56,9
-31.70924987,-63.26963,2021-12-15,0,3.07,28.32,36.74,19.11,17.63,0.14,49.81,8
-31.70924987,-63.26963,2021-12-15,0,3.3,24.02,32.23,16.15,16.08,18.66,57.44,7
-31.70924987,-63.26963,2021-12-15,0,1.48,25.65,34.7,16.39,18.31,0,52.94,6
-31.70924987,-63.26963,2021-12-15,0,2.44,25.58,32.98,17.66,15.32,19.62,58.38,5
-31.70924987,-63.26963,2021-12-15,0,2.96,20.55,28.12,13.76,14.36,10.37,62.88,4
-31.70924987,-63.26963,2021-12-15,0,1.62,22.34,32.04,13.08,18.95,0,54.5,3
-31.70924987,-63.26963,2021-12-15,0,1.59,24.69,33.15,17.12,16.02,0,48.62,2
-31.70924987,-63.26963,2021-12-15,0,1.51,24.45,31.85,17.43,14.41,1.7,58.56,1
-31.68345147,-61.79256097,2020-03-17,2,3.53,21.29,27.16,15.73,11.43,0.86,62.75,15
-31.68345147,-61.79256097,2020-03-17,2,1.46,21.99,29.55,13.75,15.8,0,59.25,14
-31.68345147,-61.79256097,2020-03-17,2,3.3,21.1,27.12,14.29,12.84,0,52.81,13
-31.68345147,-61.79256097,2020-03-17,2,2.73,18.03,25.8,11.55,14.24,0,49.81,12
-31.68345147,-61.79256097,2020-03-17,2,1.51,18.62,27.27,9.98,17.29,0,56.12,11
-31.68345147,-61.79256097,2020-03-17,2,2.03,20.71,28.97,12.49,16.47,0,55.56,10
-31.68345147,-61.79256097,2020-03-17,2,1.95,24.13,32.99,13.63,19.36,0,56.75,9
-31.68345147,-61.79256097,2020-03-17,2,2.1,22.61,31.44,16.64,14.8,1.29,53.81,8
-31.68345147,-61.79256097,2020-03-17,2,2.57,21.58,30.76,13.59,17.16,0,52.19,7
-31.68345147,-61.79256097,2020-03-17,2,0.77,23.83,33.35,15.08,18.28,0,50.38,6
-31.68345147,-61.79256097,2020-03-17,2,1.3,25.62,35.73,15.84,19.89,0,49.56,5
-31.68345147,-61.79256097,2020-03-17,2,1.96,26.57,36.2,17.38,18.82,0,48.94,4
-31.68345147,-61.79256097,2020-03-17,2,2.82,27.23,36.37,18.06,18.31,0,45.25,3
-31.68345147,-61.79256097,2020-03-17,2,2.88,26.94,35.88,18.57,17.3,0,44.44,2
-31.68345147,-61.79256097,2020-03-17,2,2.03,27.29,36.88,17.62,19.26,0,45.81,1
-31.63990982,-59.00082514,2022-04-04,1,2.02,23.52,25.52,20.3,5.22,62.6,90.38,15
-31.63990982,-59.00082514,2022-04-04,1,2.16,21.02,26.28,14.93,11.35,0.06,74.62,14
-31.63990982,-59.00082514,2022-04-04,1,1.88,22.98,28.12,18.52,9.59,15.46,84.25,13
-31.63990982,-59.00082514,2022-04-04,1,2.7,20.65,22.16,17.37,4.8,5.59,92.12,12
-31.63990982,-59.00082514,2022-04-04,1,2.61,18.94,24.28,14.54,9.74,0,76.38,11
-31.63990982,-59.00082514,2022-04-04,1,1.57,17.99,24.65,11.31,13.34,0,76.06,10
-31.63990982,-59.00082514,2022-04-04,1,1.92,17.75,24.17,11.73,12.44,0,74.06,9
-31.63990982,-59.00082514,2022-04-04,1,0.9,19.36,25.05,12.83,12.22,0,65.75,8
-31.63990982,-59.00082514,2022-04-04,1,1.15,20.12,26.86,14.08,12.78,0,70.38,7
-31.63990982,-59.00082514,2022-04-04,1,1.55,20.98,27.76,12.98,14.78,0,73.56,6
-31.63990982,-59.00082514,2022-04-04,1,1.34,24.07,30.42,18.43,11.99,0.05,77.44,5
-31.63990982,-59.00082514,2022-04-04,1,3.94,18.49,22.43,12.11,10.32,3.29,82.94,4
-31.63990982,-59.00082514,2022-04-04,1,2.52,14.55,20.55,9.34,11.21,0.14,73.5,3
-31.63990982,-59.00082514,2022-04-04,1,3.42,15.59,22.18,8.83,13.35,0,68.38,2
-31.63990982,-59.00082514,2022-04-04,1,3.91,19.15,26.93,12.86,14.08,0,67.12,1
-31.5587199,-61.02953233,2021-12-02,3,2.92,24.06,32.9,15.42,17.47,10.27,59.69,15
-31.5587199,-61.02953233,2021-12-02,3,5.04,15.51,19.55,13.51,6.04,34.44,70.88,14
-31.5587199,-61.02953233,2021-12-02,3,2.67,17.42,23.07,12.14,10.92,0.11,63.06,13
-31.5587199,-61.02953233,2021-12-02,3,0.9,21.2,27.62,12.9,14.72,0,66.12,12
-31.5587199,-61.02953233,2021-12-02,3,1.34,23.53,28.61,17.09,11.52,0,63.81,11
-31.5587199,-61.02953233,2021-12-02,3,2.27,23.83,30.68,16.87,13.8,0,60.25,10
-31.5587199,-61.02953233,2021-12-02,3,2.31,23.15,30,16.86,13.14,0.08,64.25,9
-31.5587199,-61.02953233,2021-12-02,3,3.3,23.27,31.05,16.62,14.42,0.1,53,8
-31.5587199,-61.02953233,2021-12-02,3,3.16,23.48,32.51,15.44,17.07,0,52.25,7
-31.5587199,-61.02953233,2021-12-02,3,4.84,25.66,36.09,16.32,19.78,31.15,60.5,6
-31.5587199,-61.02953233,2021-12-02,3,2.09,20.11,27.86,15.39,12.47,11.23,66.12,5
-31.5587199,-61.02953233,2021-12-02,3,1.72,23.03,30.26,14.1,16.16,0.03,64.62,4
-31.5587199,-61.02953233,2021-12-02,3,5.88,19.51,24.58,14.01,10.58,0.21,51.25,3
-31.5587199,-61.02953233,2021-12-02,3,2.29,17.09,24.06,9.46,14.6,0,51.19,2
-31.5587199,-61.02953233,2021-12-02,3,1.23,19.92,28.87,10.11,18.76,0,42.88,1
-31.54494886,-64.44078709,2022-02-16,4,0.22,21,29.26,14.76,14.5,2.57,75.12,15
-31.54494886,-64.44078709,2022-02-16,4,0.3,24.62,32.66,17.31,15.34,0.48,73,14
-31.54494886,-64.44078709,2022-02-16,4,0.27,28.72,36.45,21.62,14.83,3.16,58.81,13
-31.54494886,-64.44078709,2022-02-16,4,0.23,27.92,35.46,22.37,13.09,17.96,63.81,12
-31.54494886,-64.44078709,2022-02-16,4,0.19,22.34,26.02,19.77,6.25,46.43,87.25,11
-31.54494886,-64.44078709,2022-02-16,4,0.18,22.31,26.55,18.98,7.56,0.26,86.56,10
-31.54494886,-64.44078709,2022-02-16,4,0.23,23.13,27.1,20.59,6.52,2.98,90.06,9
-31.54494886,-64.44078709,2022-02-16,4,0.27,23.46,28.33,19.9,8.42,9.32,84.94,8
-31.54494886,-64.44078709,2022-02-16,4,0.29,19.8,26.18,14.29,11.89,3.68,75.25,7
-31.54494886,-64.44078709,2022-02-16,4,0.27,19.2,27.29,11.87,15.42,0,63.19,6
-31.54494886,-64.44078709,2022-02-16,4,0.21,20.48,29.58,12.28,17.3,0,60.81,5
-31.54494886,-64.44078709,2022-02-16,4,0.29,23.87,32.88,14.44,18.45,0,54.44,4
-31.54494886,-64.44078709,2022-02-16,4,0.24,22.9,30.91,16.63,14.28,0,55.44,3
-31.54494886,-64.44078709,2022-02-16,4,0.23,24.59,34.37,15.51,18.87,0,55.44,2
-31.54494886,-64.44078709,2022-02-16,4,0.25,25.89,33.54,18.35,15.19,0.63,53.5,1
-31.54492739,-60.76187143,2021-12-29,3,2.18,24.21,31.93,16.75,15.18,0,51.94,15
-31.54492739,-60.76187143,2021-12-29,3,2.93,25.55,33.9,17.01,16.9,0,49.88,14
-31.54492739,-60.76187143,2021-12-29,3,3.48,25.83,33.81,17.78,16.04,0,46.62,13
-31.54492739,-60.76187143,2021-12-29,3,3.31,24.63,31.31,19.88,11.43,0.18,53.56,12
-31.54492739,-60.76187143,2021-12-29,3,2.04,24.76,29.75,19.08,10.66,0,62,11
-31.54492739,-60.76187143,2021-12-29,3,2.7,26.58,33.44,19.36,14.08,0,52.44,10
-31.54492739,-60.76187143,2021-12-29,3,3.91,27.32,34.97,19.96,15,0,45.69,9
-31.54492739,-60.76187143,2021-12-29,3,2.73,27.52,35.45,19.9,15.55,0,40.31,8
-31.54492739,-60.76187143,2021-12-29,3,2.75,28.69,35.12,21.56,13.57,0.07,41.44,7
-31.54492739,-60.76187143,2021-12-29,3,2.23,26.7,33.3,21.63,11.67,0.8,45.88,6
-31.54492739,-60.76187143,2021-12-29,3,2.54,28.26,35.05,21.59,13.46,0.77,50.69,5
-31.54492739,-60.76187143,2021-12-29,3,3.39,28.35,33.94,23.21,10.73,2.18,55.38,4
-31.54492739,-60.76187143,2021-12-29,3,3.94,22.47,25.69,19.81,5.88,41.22,82.06,3
-31.54492739,-60.76187143,2021-12-29,3,2.55,24.72,30.56,18.79,11.77,0.79,71.19,2
-31.54492739,-60.76187143,2021-12-29,3,2.29,25.15,30.56,19.77,10.79,0.01,70.12,1
-31.056194,-58.359944,2021-11-26,2,2.94,26.37,35.3,17.05,18.24,0,58.81,15
-31.056194,-58.359944,2021-11-26,2,2.5,26.71,34.16,20.04,14.13,0,63.38,14
-31.056194,-58.359944,2021-11-26,2,2.19,27.12,34.05,20.03,14.02,0,60.75,13
-31.056194,-58.359944,2021-11-26,2,2.08,25.85,31.49,20.76,10.73,0.03,67,12
-31.056194,-58.359944,2021-11-26,2,2.86,25.1,33.23,19.67,13.55,5.29,70.81,11
-31.056194,-58.359944,2021-11-26,2,2.07,24.76,32.15,17.51,14.63,1.15,65.5,10
-31.056194,-58.359944,2021-11-26,2,1.48,26.97,34.12,19.66,14.45,0,55.44,9
-31.056194,-58.359944,2021-11-26,2,5.57,20.15,23.28,15.38,7.9,2.02,72.94,8
-31.056194,-58.359944,2021-11-26,2,3.84,20.11,27.48,13.31,14.16,0,57.06,7
-31.056194,-58.359944,2021-11-26,2,2.54,22.22,30.17,15.15,15.02,0,58.31,6
-31.056194,-58.359944,2021-11-26,2,2.41,23.43,31.59,14.98,16.62,0,54,5
-31.056194,-58.359944,2021-11-26,2,3.09,24.51,32.54,16.05,16.49,0,51.5,4
-31.056194,-58.359944,2021-11-26,2,3.86,23.19,30.36,18.22,12.14,0,55.81,3
-31.056194,-58.359944,2021-11-26,2,4.16,22.87,31.23,15.43,15.8,0,49.25,2
-31.056194,-58.359944,2021-11-26,2,3.85,23.58,32.45,14.84,17.61,0,49.56,1
-31.03061813,-60.72583163,2021-12-01,2,1.48,23.55,31.8,14.94,16.86,0.4,63.88,15
-31.03061813,-60.72583163,2021-12-01,2,2.21,24.97,32.49,17.65,14.84,15.51,63.75,14
-31.03061813,-60.72583163,2021-12-01,2,5.48,16.3,18.79,14.75,4.04,32.56,74.06,13
-31.03061813,-60.72583163,2021-12-01,2,2.7,18.21,24.21,12.7,11.51,0.01,64.12,12
-31.03061813,-60.72583163,2021-12-01,2,1.08,21.69,27.98,14.56,13.42,0,68.19,11
-31.03061813,-60.72583163,2021-12-01,2,1.34,23.42,28.73,17.08,11.65,0,64.56,10
-31.03061813,-60.72583163,2021-12-01,2,2.44,23.89,31.26,16.94,14.32,0.03,59.25,9
-31.03061813,-60.72583163,2021-12-01,2,2.54,23.4,30.65,17.81,12.84,0.02,61.44,8
-31.03061813,-60.72583163,2021-12-01,2,3.05,23.27,31.47,16.53,14.94,0.02,52.94,7
-31.03061813,-60.72583163,2021-12-01,2,2.92,23.76,32.95,15.6,17.35,0,52.5,6
-31.03061813,-60.72583163,2021-12-01,2,4.58,26.58,36.51,17.05,19.48,23.53,58.94,5
-31.03061813,-60.72583163,2021-12-01,2,2.38,19.8,26.7,15.7,11,17.02,70.06,4
-31.03061813,-60.72583163,2021-12-01,2,1.66,23.68,30.26,15.23,15.04,0.23,70.88,3
-31.03061813,-60.72583163,2021-12-01,2,5.47,20.82,25.14,15.75,9.39,1.74,58.69,2
-31.03061813,-60.72583163,2021-12-01,2,2.77,17.76,24.12,11.84,12.28,0,52,1
-30.945043,-63.8509951,2022-02-21,1,1.04,25.15,30.57,21.29,9.28,6.35,82.44,15
-30.945043,-63.8509951,2022-02-21,1,1.02,25.74,28.57,23.34,5.23,5.22,86.5,14
-30.945043,-63.8509951,2022-02-21,1,1.38,25.64,29.96,22.16,7.8,7.71,83.75,13
-30.945043,-63.8509951,2022-02-21,1,2.06,21.73,27.43,16.26,11.17,2.68,70.56,12
-30.945043,-63.8509951,2022-02-21,1,0.95,20.75,28.6,13.76,14.84,0,64.06,11
-30.945043,-63.8509951,2022-02-21,1,0.95,22.76,31.16,15.83,15.34,0,59,10
-30.945043,-63.8509951,2022-02-21,1,1,24.97,33.41,16.3,17.11,0,56.94,9
-30.945043,-63.8509951,2022-02-21,1,1.57,25.49,33.46,18.98,14.48,0,53.25,8
-30.945043,-63.8509951,2022-02-21,1,1.29,26.35,35.06,18.17,16.89,0,55.56,7
-30.945043,-63.8509951,2022-02-21,1,1.07,27.34,35.8,20.34,15.47,1.71,60.12,6
-30.945043,-63.8509951,2022-02-21,1,1.04,25.03,30.9,21.37,9.53,2.35,63.44,5
-30.945043,-63.8509951,2022-02-21,1,1.02,24.31,29.99,18.99,11,2.94,64.31,4
-30.945043,-63.8509951,2022-02-21,1,2.16,21.68,26.52,16.65,9.88,0,60.81,3
-30.945043,-63.8509951,2022-02-21,1,1.03,20.4,28.67,12.87,15.8,0,51.56,2
-30.945043,-63.8509951,2022-02-21,1,0.93,21.16,30.12,12.97,17.15,0,48,1
-27.013662,-64.906073,2023-03-28,0,3.53,28.04,35.63,21.42,14.21,0,60.06,15
-27.013662,-64.906073,2023-03-28,0,1.3,27.05,32.55,23.09,9.45,5.19,74.69,14
-27.013662,-64.906073,2023-03-28,0,2.27,28.09,35.82,22.12,13.7,1.36,60.81,13
-27.013662,-64.906073,2023-03-28,0,1.48,27.55,35.22,21.48,13.74,0,58.94,12
-27.013662,-64.906073,2023-03-28,0,1.12,28.33,35.06,20.95,14.11,0,60.94,11
-27.013662,-64.906073,2023-03-28,0,3.16,30,36.89,24.13,12.76,0,55.81,10
-27.013662,-64.906073,2023-03-28,0,4.2,29.57,35.91,24.5,11.42,19.62,68,9
-27.013662,-64.906073,2023-03-28,0,1.78,27.94,34.1,23.8,10.3,5.37,70.69,8
-27.013662,-64.906073,2023-03-28,0,2.38,28.58,35.83,22.56,13.27,0,65.94,7
-27.013662,-64.906073,2023-03-28,0,2.77,29.69,37.05,23.37,13.68,0,58.69,6
-27.013662,-64.906073,2023-03-28,0,3.09,30.19,38.16,23.52,14.63,0,56.06,5
-27.013662,-64.906073,2023-03-28,0,4.14,30.31,38.01,24.26,13.76,0,53.75,4
-27.013662,-64.906073,2023-03-28,0,3.98,30.08,37.8,23.33,14.47,0,51.94,3
-27.013662,-64.906073,2023-03-28,0,3.93,30.44,37.7,24.45,13.25,0.01,50.38,2
-27.013662,-64.906073,2023-03-28,0,2.61,28.92,34.74,23.94,10.8,1.2,60.06,1
-25.980183,-65.081003,2023-03-28,0,2.52,22.58,29.12,16.87,12.25,0,77.31,15
-25.980183,-65.081003,2023-03-28,0,2.25,22.73,29.28,17.4,11.88,10.09,80.38,14
-25.980183,-65.081003,2023-03-28,0,2.33,22.6,29.43,16.34,13.09,3.55,66.88,13
-25.980183,-65.081003,2023-03-28,0,1.27,23.67,30.53,17.3,13.23,0.07,67.44,12
-25.980183,-65.081003,2023-03-28,0,1.19,23.77,28.26,19.27,8.99,0,69.38,11
-25.980183,-65.081003,2023-03-28,0,2.34,24.48,30.39,19.62,10.77,0,70.31,10
-25.980183,-65.081003,2023-03-28,0,3.4,24.85,31.05,19.94,11.12,4.14,78.31,9
-25.980183,-65.081003,2023-03-28,0,2.09,23.62,28.02,20.19,7.83,9.48,82.44,8
-25.980183,-65.081003,2023-03-28,0,1.82,24.08,30.6,19.02,11.58,0,73.5,7
-25.980183,-65.081003,2023-03-28,0,1.98,24.72,32.06,18.84,13.23,0,69.25,6
-25.980183,-65.081003,2023-03-28,0,2.22,24.99,32.86,18.15,14.7,0,66.31,5
-25.980183,-65.081003,2023-03-28,0,2.59,24.94,32.65,18.37,14.28,0,65.5,4
-25.980183,-65.081003,2023-03-28,0,2.6,24.9,32.31,18.42,13.89,0,63.25,3
-25.980183,-65.081003,2023-03-28,0,2.51,24.87,31.69,19.19,12.5,0.2,63.69,2
-25.980183,-65.081003,2023-03-28,0,2.14,24.01,29.37,19.61,9.77,1.35,70.25,1
